unweighted.quartile.0%,unweighted.quartile.25%,unweighted.quartile.50%,unweighted.quartile.75%,unweighted.quartile.100%,weighted.quartile.0%,weighted.quartile.25%,weighted.quartile.50%,weighted.quartile.75%,weighted.quartile.100%,unweighted.mean,weighted.mean,bases,data,log+1.unweighted.quartile.0%,log+1.unweighted.quartile.25%,log+1.unweighted.quartile.50%,log+1.unweighted.quartile.75%,log+1.unweighted.quartile.100%,log+1.weighted.quartile.0%,log+1.weighted.quartile.25%,log+1.weighted.quartile.50%,log+1.weighted.quartile.75%,log+1.weighted.quartile.100%,log+1.unweighted.mean,log+1.weighted.mean,log+1.bases,log+1.data,log.unweighted.quartile.25%,log.unweighted.quartile.50%,log.unweighted.quartile.75%,log.unweighted.quartile.100%,log.weighted.quartile.100%,log.unweighted.mean,log.weighted.mean,log.bases,log.data,log.log.unweighted.quartile.50%,log.log.unweighted.quartile.75%,log.log.unweighted.quartile.100%,log.log.weighted.quartile.100%,log.log.unweighted.mean,log.log.weighted.mean,log.log.bases,log.log.data
0,3,7,14,57,0,0,2,5,57,9.42952654732349,3.91127970162147,849659,45918,0,1.38629436111989,2.07944154167984,2.70805020110221,4.06044301054642,0,0,1.09861228866811,1.79175946922806,4.06044301054642,2.34464087462892,1.59153453954269,13.6525915484452,10.7346342537528,1.09861228866811,1.94591014905531,2.63905732961526,4.04305126783455,4.04305126783455,2.24384588831427,1.36386460986703,13.6525903715031,10.734612476038,0.665729810578276,0.970421781277365,1.39699967121997,1.39699967121997,0.808191308080256,0.310322294866433,2.61392927443286,2.37347333156765
0,3,6,12,39,0,1,2,5,39,7.94018290576535,3.7886695547686,849693,55001,0,1.38629436111989,1.94591014905531,2.56494935746154,3.68887945411394,0,0.693147180559945,1.09861228866811,1.79175946922806,3.68887945411394,2.190556048234,1.56625261809624,13.6526315636509,10.9151248271898,1.09861228866811,1.79175946922806,2.484906649788,3.66356164612965,3.66356164612965,2.07193631098432,1.33201491650688,13.652630386756,10.9151066458675,0.583198080782659,0.910235093365326,1.29843580158963,1.29843580158963,0.728483585982885,0.286692770634235,2.61393220539271,2.39014776053297
0,3,5,9,37,0,1,2,5,37,6.16982844862722,3.4444768717866,849763,53978,0,1.38629436111989,1.79175946922806,2.30258509299405,3.63758615972639,0,0.693147180559945,1.09861228866811,1.79175946922806,3.63758615972639,1.96988172805294,1.49166217290309,13.6527139428566,10.8963503610206,1.09861228866811,1.6094379124341,2.19722457733622,3.61091791264422,3.61091791264422,1.81967103341847,1.23677204149427,13.6527127660586,10.8963318351261,0.475884995327111,0.787195008176644,1.28396200945433,1.28396200945433,0.598655733882326,0.21250479307665,2.61393823932549,2.38842620370903
0,3,5,10,32,0,1,2,4,32,6.90261040156944,3.24309835716362,849689,49954,0,1.38629436111989,1.79175946922806,2.39789527279837,3.49650756146648,0,0.693147180559945,1.09861228866811,1.6094379124341,3.49650756146648,2.06719313547123,1.44529374699408,13.6526268560628,10.8188778791671,1.09861228866811,1.6094379124341,2.30258509299405,3.46573590279973,3.46573590279973,1.93189965912663,1.17652915593206,13.6526256791623,10.8188578609505,0.475884995327111,0.834032445247956,1.24292499185244,1.24292499185244,0.658503798171734,0.162568710800917,2.61393186058043,2.38129070970903
0,4,7,14,46,0,2,3,6,46,9.62247131038164,5.04871363659366,849721,74940,0,1.6094379124341,2.07944154167984,2.70805020110221,3.85014760171006,0,1.09861228866811,1.38629436111989,1.94591014905531,3.85014760171006,2.36297169216832,1.79984562738484,13.6526645161476,11.2244564162672,1.38629436111989,1.94591014905531,2.63905732961526,3.8286413964891,3.8286413964891,2.26410112465733,1.61913348541224,13.6526633392914,11.2244430723477,0.665729810578276,0.970421781277365,1.34251001349688,1.34251001349688,0.817177825711503,0.481891120593986,2.61393461902984,2.41809381746184
0,3,8,16,63,0,1,2,5,63,10.6875096495291,4.40393016440003,849939,58293,0,1.38629436111989,2.19722457733622,2.83321334405622,4.15888308335967,0,0.693147180559945,1.09861228866811,1.79175946922806,4.15888308335967,2.45852072024262,1.68712649706849,13.6529210377397,10.9732544510904,1.09861228866811,2.07944154167984,2.77258872223978,4.14313472639153,4.14313472639153,2.36907573714239,1.48249736142318,13.6529198611854,10.9732372965191,0.732099368086445,1.01978144053823,1.42145268160866,1.42145268160866,0.862499894755269,0.393728072072428,2.613953408,2.39545933526642
0,4,9,18,70,0,1,3,7,70,11.9068125135545,5.48582457090068,849745,73776,0,1.6094379124341,2.30258509299405,2.94443897916644,4.26267987704132,0,0.693147180559945,1.38629436111989,2.07944154167984,4.26267987704132,2.55775527379687,1.86961896017131,13.6526927602804,11.2088023088981,1.38629436111989,2.19722457733622,2.89037175789616,4.24849524204936,4.24849524204936,2.47711071644388,1.70216741440672,13.6526915834575,11.2087887544465,0.787195008176644,1.06138512980168,1.44656485954777,1.44656485954777,0.907092847305593,0.531902388655025,2.61393668779373,2.41669818079539
0,2,4,7,26,0,1,2,3,26,4.78388067512757,2.4051331418222,849733,38215,0,1.09861228866811,1.6094379124341,2.07944154167984,3.29583686600433,0,0.693147180559945,1.09861228866811,1.38629436111989,3.29583686600433,1.75507485447899,1.22528404069376,13.6526786383137,10.5510095550698,0.693147180559945,1.38629436111989,1.94591014905531,3.25809653802148,3.25809653802148,1.5652520738472,0.877605262450422,13.6526774614742,10.550983387677,0.326634259978281,0.665729810578276,1.18114314080946,1.18114314080946,0.448046880572739,-0.130558373627948,2.61393565341962,2.35621906768018
0,2,4,8,32,0,0,1,3,32,5.55013826616909,2.39382847404325,849644,37247,0,1.09861228866811,1.6094379124341,2.19722457733622,3.49650756146648,0,0,0.693147180559945,1.38629436111989,3.49650756146648,1.87948615876315,1.22195862753944,13.6525738941689,10.5253535310911,0.693147180559945,1.38629436111989,2.07944154167984,3.46573590279973,3.46573590279973,1.71382284027128,0.872893956299601,13.652572717206,10.5253266836517,0.326634259978281,0.732099368086445,1.24292499185244,1.24292499185244,0.538726454431715,-0.13594120096786,2.61392798132232,2.35378441791351
0,3,6,10,39,0,1,3,5,39,7.16547827714719,3.94209063153955,849638,58763,0,1.38629436111989,1.94591014905531,2.39789527279837,3.68887945411394,0,0.693147180559945,1.38629436111989,1.79175946922806,3.68887945411394,2.09991530120992,1.59778844643904,13.6525668323711,10.9812847014903,1.09861228866811,1.79175946922806,2.30258509299405,3.66356164612965,3.66356164612965,1.96927481092214,1.37171119972436,13.6525656553999,10.9812676841241,0.583198080782659,0.834032445247956,1.29843580158963,1.29843580158963,0.677665358695287,0.316059011318614,2.61392746407124,2.39619088334461
0,3,5,8,27,0,2,3,5,27,6.17222151414734,4.05176569731038,849636,62768,0,1.38629436111989,1.79175946922806,2.19722457733622,3.3322045101752,0,1.09861228866811,1.38629436111989,1.79175946922806,3.3322045101752,1.97021544123181,1.61973782520815,13.6525644784274,11.0472166000074,1.09861228866811,1.6094379124341,2.07944154167984,3.29583686600433,3.29583686600433,1.82005882402981,1.39915276075365,13.6525633014535,11.0472006684493,0.475884995327111,0.732099368086445,1.19266011628481,1.19266011628481,0.598868821461895,0.335866882541151,2.61392729165334,2.40217706269749
0,3,7,13,86,0,0,2,6,86,9.72836299437894,4.09463677472053,849638,49279,0,1.38629436111989,2.07944154167984,2.63905732961526,4.46590811865458,0,0,1.09861228866811,1.94591014905531,4.46590811865458,2.37289098157202,1.62818837359768,13.6525668323711,10.8052735982074,1.09861228866811,1.94591014905531,2.56494935746154,4.45434729625351,4.45434729625351,2.27504563891693,1.40967801366903,13.6525656553999,10.8052533057937,0.665729810578276,0.941938734748111,1.49388053980827,1.49388053980827,0.82200011326408,0.343361319212192,2.61392746407124,2.3800324330708
0,4,8,13,41,0,2,4,7,41,9.20788452978953,5.24622071161838,849697,78635,0,1.6094379124341,2.19722457733622,2.63905732961526,3.73766961828337,0,1.09861228866811,1.6094379124341,2.07944154167984,3.73766961828337,2.32316041480154,1.83197659471085,13.6526362712169,11.2725848888275,1.38629436111989,2.07944154167984,2.56494935746154,3.71357206670431,3.71357206670431,2.22006013113565,1.65750795292306,13.6526350943275,11.2725721719248,0.732099368086445,0.941938734748111,1.3119942346184,1.3119942346184,0.797534281614504,0.505315241209996,2.61393255020324,2.42237253376986
0,3,6,11,41,0,1,3,5,41,7.87861158321349,4.10145179989054,849635,61192,0,1.38629436111989,1.94591014905531,2.484906649788,3.73766961828337,0,0.693147180559945,1.38629436111989,1.79175946922806,3.73766961828337,2.18364519153791,1.62952516586562,13.6525633014535,11.0217880828737,1.09861228866811,1.79175946922806,2.39789527279837,3.71357206670431,3.71357206670431,2.06415169332195,1.4113410085668,13.6525621244782,11.0217717410017,0.583198080782659,0.874591382923689,1.3119942346184,1.3119942346184,0.724719339745231,0.344540322315183,2.61392720544423,2.39987256584737
0,4,7,13,45,0,1,3,6,45,9.01105343957892,4.71750899128175,849712,68395,0,1.6094379124341,2.07944154167984,2.63905732961526,3.8286413964891,0,0.693147180559945,1.38629436111989,1.94591014905531,3.8286413964891,2.3036898265091,1.74353321950329,13.6526539243921,11.1330696223685,1.38629436111989,1.94591014905531,2.56494935746154,3.80666248977032,3.80666248977032,2.19845198371794,1.55128090420083,13.6526527475234,11.1330550015235,0.665729810578276,0.941938734748111,1.33675281830092,1.33675281830092,0.787753468926233,0.439080979466089,2.61393384322721,2.40991861113889
0,3,7,12,36,0,1,3,6,36,8.25792598021253,4.62775225146763,849668,68225,0,1.38629436111989,2.07944154167984,2.56494935746154,3.61091791264422,0,0.693147180559945,1.38629436111989,1.94591014905531,3.61091791264422,2.22548004735272,1.72771011757738,13.6526021408613,11.1305810028528,1.09861228866811,1.94591014905531,2.484906649788,3.58351893845611,3.58351893845611,2.11117346402006,1.53207127537207,13.6526009639318,11.1305663455765,0.665729810578276,0.910235093365326,1.2763452613426,1.2763452613426,0.747243936982504,0.426620594630477,2.61393005028742,2.40969504859095
0,3,5,12,43,0,1,2,4,43,7.92901368981122,3.63659346686471,849638,52813,0,1.38629436111989,1.79175946922806,2.56494935746154,3.78418963391826,0,0.693147180559945,1.09861228866811,1.6094379124341,3.78418963391826,2.18930593971917,1.53397992998189,13.6525668323711,10.8745315860631,1.09861228866811,1.6094379124341,2.484906649788,3.76120011569356,3.76120011569356,2.0705286508383,1.29104738270611,13.6525656553999,10.8745126515103,0.475884995327111,0.910235093365326,1.32473808618053,1.32473808618053,0.727803961550006,0.255453813519505,2.61392746407124,2.38642176231636
0,2,6,13,57,0,0,1,4,57,8.6399049012436,2.91243562221657,849672,32808,0,1.09861228866811,1.94591014905531,2.63905732961526,4.06044301054642,0,0,0.693147180559945,1.6094379124341,4.06044301054642,2.26591124355757,1.36416010134536,13.6526068485659,10.398458146978,0.693147180559945,1.79175946922806,2.56494935746154,4.04305126783455,4.04305126783455,2.15639157595488,1.06898971468755,13.6526056716418,10.3984276670719,0.583198080782659,0.941938734748111,1.39699967121997,1.39699967121997,0.768436258055971,0.0667140105630838,2.61393039510884,2.34165460885912
0,4,15,34,87,0,0,1,4,87,20.5178428843437,4.71864824057326,849737,48843,0,1.6094379124341,2.77258872223978,3.55534806148941,4.47733681447821,0,0,0.693147180559945,1.6094379124341,4.47733681447821,3.06888249255308,1.74373245588526,13.6526833456581,10.7963868249529,1.38629436111989,2.70805020110221,3.52636052461616,4.46590811865458,4.46590811865458,3.02129489218147,1.55152236887104,13.6526821688241,10.7963663513996,0.996228892951395,1.26026632622924,1.49647257968519,1.49647257968519,1.10568551173574,0.439236622379578,2.61393599821273,2.37920962857405
0,2,6,13,67,0,0,0,2,67,9.20868933936449,1.87458799856439,849815,17907,0,1.09861228866811,1.94591014905531,2.63905732961526,4.21950770517611,0,0,0,1.09861228866811,4.21950770517611,2.32323925364889,1.05590935913303,13.6527751344451,9.79300281936086,0.693147180559945,1.79175946922806,2.56494935746154,4.20469261939097,4.20469261939097,2.22014753171093,0.62838890117831,13.6527739577191,9.79294697683676,0.583198080782659,0.941938734748111,1.43620119191619,1.43620119191619,0.797573649401749,-0.46459603478989,2.61394272133023,2.28166243032971
0,3,6,14,54,0,0,2,4,54,9.32151661249155,3.28274204634259,849672,45839,0,1.38629436111989,1.94591014905531,2.70805020110221,4.00733318523247,0,0,1.09861228866811,1.6094379124341,4.00733318523247,2.33423070783083,1.45459346948879,13.6526068485659,10.7329123513886,1.09861228866811,1.79175946922806,2.63905732961526,3.98898404656427,3.98898404656427,2.23232534212114,1.18867906288985,13.6526056716418,10.7328905361419,0.583198080782659,0.970421781277365,1.38353657355811,1.38353657355811,0.803043796495804,0.172842659397531,2.61393039510884,2.37331290863455
0,2,5,10,59,0,0,1,3,59,7.57978097841859,2.55693379708019,3697707,130946,0,1.09861228866811,1.79175946922806,2.39789527279837,4.0943445622221,0,0,0.693147180559945,1.38629436111989,4.0943445622221,2.14940838618321,1.26889888078305,15.1232237262107,11.782547940166,0.693147180559945,1.6094379124341,2.30258509299405,4.07753744390572,4.07753744390572,2.02548430456909,0.938808805117478,15.1232234557729,11.7825403034594,0.475884995327111,0.834032445247956,1.40549323852561,1.40549323852561,0.705808834713818,-0.0631434359296553,2.71623153954867,2.46661880043026
0,2,4,7,42,0,1,2,3,42,5.50048563209502,2.49270573904982,3697633,161645,0,1.09861228866811,1.6094379124341,2.07944154167984,3.76120011569356,0,0.693147180559945,1.09861228866811,1.38629436111989,3.76120011569356,1.87187688674075,1.25067671923277,15.1232037136136,11.9931640380284,0.693147180559945,1.38629436111989,1.94591014905531,3.73766961828337,3.73766961828337,1.70483638508505,0.913368762697026,15.1232034431703,11.9931578516514,0.326634259978281,0.665729810578276,1.31846232050533,1.31846232050533,0.533469144303897,-0.0906155777463764,2.71623021624509,2.48433630814507
0,2,3,6,34,0,1,2,3,34,4.44568897086291,2.44719943077499,3697659,171328,0,1.09861228866811,1.38629436111989,1.94591014905531,3.55534806148941,0,0.693147180559945,1.09861228866811,1.38629436111989,3.55534806148941,1.69482428113752,1.2375621421927,15.1232107451123,12.0513409636206,0.693147180559945,1.09861228866811,1.79175946922806,3.52636052461616,3.52636052461616,1.49193485602402,0.894944281251957,15.1232104746709,12.05133512688,0.0940478276166991,0.583198080782659,1.26026632622924,1.26026632622924,0.400073838646058,-0.110993818229646,2.71623068119281,2.48917545271012
0,1,3,6,32,0,0,1,2,32,4.36663707718184,1.84791067533295,3697702,128424,0,0.693147180559945,1.38629436111989,1.94591014905531,3.49650756146648,0,0,0.693147180559945,1.09861228866811,3.49650756146648,1.68020146973851,1.04658562905961,15.1232223740208,11.7631003553355,0,1.09861228866811,1.79175946922806,3.46573590279973,3.46573590279973,1.47399316529814,0.614055636192484,15.1232221035826,11.7630925686593,0.0940478276166991,0.583198080782659,1.24292499185244,1.24292499185244,0.387975156916596,-0.487669742248735,2.71623145013716,2.46496688142445
0,2,4,9,42,0,1,2,4,42,6.61032036578512,2.92705408426221,3697767,197493,0,1.09861228866811,1.6094379124341,2.30258509299405,3.76120011569356,0,0.693147180559945,1.09861228866811,1.6094379124341,3.76120011569356,2.02950526898817,1.36788954791311,15.1232399523468,12.193463483115,0.693147180559945,1.38629436111989,2.19722457733622,3.73766961828337,3.73766961828337,1.88863211952499,1.07399648525076,15.1232396819134,12.1934584196572,0.326634259978281,0.787195008176644,1.31846232050533,1.31846232050533,0.635852820757698,0.0713867235028806,2.7162326124768,2.50089961282514
0,2,4,8,59,0,0,2,3,59,6.34683863388847,2.66453528357185,3697599,163442,0,1.09861228866811,1.6094379124341,2.19722457733622,4.0943445622221,0,0,1.09861228866811,1.38629436111989,4.0943445622221,1.99427010285923,1.2987015288193,15.1231945185023,12.0042195846828,0.693147180559945,1.38629436111989,2.07944154167984,4.07753744390572,4.07753744390572,1.84795683600373,0.980029664765674,15.1231942480565,12.0042134663231,0.326634259978281,0.732099368086445,1.40549323852561,1.40549323852561,0.614080615805873,-0.0201724376065966,2.71622960823128,2.48525771035262
0,2,5,13,55,0,0,2,3,55,8.37829887138291,2.89551446049664,3697660,176765,0,1.09861228866811,1.79175946922806,2.63905732961526,4.02535169073515,0,0,1.09861228866811,1.38629436111989,4.02535169073515,2.23839838957554,1.35982575288473,15.1232110155535,12.0825821029999,0.693147180559945,1.6094379124341,2.56494935746154,4.00733318523247,4.00733318523247,2.12564489524532,1.0631628017989,15.1232107451123,12.0825764457874,0.475884995327111,0.941938734748111,1.3881259789914,1.3881259789914,0.75407523645105,0.0612482407834845,2.71623069907535,2.49176445170135
0,1,3,5,26,0,0,1,3,26,3.74564470523852,1.87397119494593,3697615,131564,0,0.693147180559945,1.38629436111989,1.79175946922806,3.29583686600433,0,0,0.693147180559945,1.38629436111989,3.29583686600433,1.55722729327249,1.05569476497123,15.123198845624,11.7872563050536,0,1.09861228866811,1.6094379124341,3.25809653802148,3.25809653802148,1.32059375308442,0.628059812804784,15.1231985751794,11.787248704219,0.0940478276166991,0.475884995327111,1.18114314080946,1.18114314080946,0.27808144840551,-0.465119873729576,2.71622989435617,2.46701832889619
0,1,3,6,31,0,0,1,2,31,4.21480704826084,1.41839120061746,3697714,98237,0,0.693147180559945,1.38629436111989,1.94591014905531,3.46573590279973,0,0,0.693147180559945,1.09861228866811,3.46573590279973,1.65150208839352,0.883102525962376,15.1232256192735,11.4951483848675,0,1.09861228866811,1.79175946922806,3.43398720448515,3.43398720448515,1.43860381300644,0.349523272020224,15.1232253488362,11.4951382054554,0.0940478276166991,0.583198080782659,1.23372203634287,1.23372203634287,0.363673068945617,-1.05118513291498,2.71623166472458,2.44192418123599
0,2,4,7,36,0,1,2,4,36,5.64919358988874,2.95057729413403,3697855,194318,0,1.09861228866811,1.6094379124341,2.07944154167984,3.61091791264422,0,0.693147180559945,1.09861228866811,1.6094379124341,3.61091791264422,1.89449558263622,1.37386171864778,15.1232637502035,12.1772564175121,0.693147180559945,1.38629436111989,1.94591014905531,3.58351893845611,3.58351893845611,1.7315128075185,1.08200084413316,15.1232634797765,12.1772512713217,0.326634259978281,0.665729810578276,1.2763452613426,1.2763452613426,0.548995481609476,0.0788119605840186,2.71623418607114,2.49956956122383
0,2,4,6,29,0,1,2,4,29,4.62660060155461,2.82844017790932,3697614,195161,0,1.09861228866811,1.6094379124341,1.94591014905531,3.40119738166216,0,0.693147180559945,1.09861228866811,1.6094379124341,3.40119738166216,1.7275054590009,1.3424574559845,15.1231985751794,12.1815852618789,0.693147180559945,1.38629436111989,1.79175946922806,3.36729582998647,3.36729582998647,1.53182238710571,1.03972538581935,15.1231983047348,12.1815801379175,0.326634259978281,0.583198080782659,1.21410999791318,1.21410999791318,0.426458129287791,0.0389566261886116,2.7162298764734,2.49992498604439
0,2,6,12,83,0,0,1,4,83,9.15854753619935,3.08892587884016,3700104,160362,0,1.09861228866811,1.94591014905531,2.56494935746154,4.43081679884331,0,0,0.693147180559945,1.6094379124341,4.43081679884331,2.31831547289522,1.40828231425322,15.1238717555902,11.9851952744887,0.693147180559945,1.79175946922806,2.484906649788,4.4188406077966,4.4188406077966,2.21468760019603,1.12782341845275,15.1238714853275,11.9851890386168,0.583198080782659,0.910235093365326,1.48587735575302,1.48587735575302,0.795111355264049,0.120289596896722,2.71627438859292,2.48367164069619
0,2,4,10,38,0,0,1,2,38,6.44709685176933,2.0826564293818,3697595,141381,0,1.09861228866811,1.6094379124341,2.39789527279837,3.66356164612965,0,0,0.693147180559945,1.09861228866811,3.66356164612965,2.00782427211854,1.12579170233786,15.1231934367189,11.8592207258973,0.693147180559945,1.38629436111989,2.30258509299405,3.63758615972639,3.63758615972639,1.86362992898117,0.733644208387508,15.1231931662729,11.8592136528362,0.326634259978281,0.834032445247956,1.29132031873981,1.29132031873981,0.622526160598218,-0.30973109760434,2.71622953669985,2.47310508891247
0,2,3,8,35,0,0,1,3,35,5.74582212556516,2.08709625860652,3697633,139784,0,1.09861228866811,1.38629436111989,2.19722457733622,3.58351893845611,0,0,0.693147180559945,1.38629436111989,3.58351893845611,1.90892336889859,1.12723092696019,15.1232037136136,11.8478608068879,0.693147180559945,1.09861228866811,2.07944154167984,3.55534806148941,3.55534806148941,1.74847300385886,0.735773749986162,15.1232034431703,11.8478536530189,0.0940478276166991,0.732099368086445,1.26845296605453,1.26845296605453,0.558742837801794,-0.306832612421942,2.71623021624509,2.47214672484827
0,2,4,8,53,0,1,2,4,53,6.47170079170079,2.80919552042232,3697670,183150,0,1.09861228866811,1.6094379124341,2.19722457733622,3.98898404656427,0,0.693147180559945,1.09861228866811,1.6094379124341,3.98898404656427,2.0111226561875,1.33741801734796,15.1232137199622,12.1180662281975,0.693147180559945,1.38629436111989,2.07944154167984,3.97029191355212,3.97029191355212,1.8674389474917,1.03289815069172,15.1232134495217,12.118060768207,0.326634259978281,0.732099368086445,1.37883962185791,1.37883962185791,0.624567945384251,0.0323685896248567,2.71623087790041,2.4946969652162
0,2,3,7,32,0,0,2,3,32,4.90717795548704,2.31116759176423,3697628,155685,0,1.09861228866811,1.38629436111989,2.07944154167984,3.49650756146648,0,0,1.09861228866811,1.38629436111989,3.49650756146648,1.77616821407532,1.19730087394503,15.1232023613966,11.9555964372733,0.693147180559945,1.09861228866811,1.94591014905531,3.46573590279973,3.46573590279973,1.59069902208846,0.837752847816571,15.123202090953,11.9555900140675,0.0940478276166991,0.665729810578276,1.24292499185244,1.24292499185244,0.46417355615394,-0.177032153007235,2.71623012683167,2.48119895260485
0,2,4,8,48,0,1,2,3,48,6.17153551214168,2.70738095708151,3697637,175264,0,1.09861228866811,1.6094379124341,2.19722457733622,3.89182029811063,0,0.693147180559945,1.09861228866811,1.38629436111989,3.89182029811063,1.97011978958282,1.31032568583786,15.1232047953858,12.0740543932455,0.693147180559945,1.38629436111989,2.07944154167984,3.87120101090789,3.87120101090789,1.81994767440091,0.995981731089464,15.1232045249429,12.0740486875834,0.326634259978281,0.732099368086445,1.35356479763247,1.35356479763247,0.598807750346234,-0.00402636384541513,2.71623028777574,2.49105841279806
0,2,5,11,58,0,0,1,2,58,7.58323914568556,2.13537433455166,3697695,102632,0,1.09861228866811,1.79175946922806,2.484906649788,4.07753744390572,0,0,0.693147180559945,1.09861228866811,4.07753744390572,2.14981136506324,1.14274857191734,15.1232204809519,11.5389147974315,0.693147180559945,1.6094379124341,2.39789527279837,4.06044301054642,4.06044301054642,2.02594043630256,0.758641963654367,15.1232202105132,11.5389050539292,0.475884995327111,0.874591382923689,1.40129208355907,1.40129208355907,0.706034005741085,-0.276225334022418,2.71623132496082,2.44572437390319
0,2,6,16,96,0,0,0,2,96,11.12836175227,2.35652953392535,3698120,115416,0,1.09861228866811,1.94591014905531,2.83321334405622,4.57471097850338,0,0,0,1.09861228866811,4.57471097850338,2.49554665631385,1.21090756338234,15.1233354107833,11.656306935898,0.693147180559945,1.79175946922806,2.77258872223978,4.56434819146784,4.56434819146784,2.40949696238446,0.857190000265278,15.1233351403757,11.6562982716256,0.583198080782659,1.01978144053823,1.51827571994606,1.51827571994606,0.879417996414517,-0.154095681030229,2.7162389244948,2.45584665810098
0,3,8,17,88,0,0,0,0,88,11.7047296062385,1.26139283277586,3697917,49243,0,1.38629436111989,2.19722457733622,2.89037175789616,4.48863636973214,0,0,0,0,4.48863636973214,2.54197433407721,0.815980921139198,15.1232805165352,10.8045428117675,1.09861228866811,2.07944154167984,2.83321334405622,4.47733681447821,4.47733681447821,2.45999299997024,0.232216533271431,15.1232802461127,10.8045225045188,0.732099368086445,1.04141152477478,1.49902840861089,1.49902840861089,0.900158504399668,-1.4600850095338,2.71623529471591,2.3799647968971
0,2,4,12,48,0,0,0,2,48,7.43865347174247,1.8075681486775,3698421,111457,0,1.09861228866811,1.6094379124341,2.56494935746154,3.89182029811063,0,0,0,1.09861228866811,3.89182029811063,2.13282275461706,1.03231868113016,15.1234168001567,11.6214031173056,0.693147180559945,1.38629436111989,2.484906649788,3.87120101090789,3.87120101090789,2.00668984748439,0.591982377619425,15.1234165297711,11.6213941452759,0.326634259978281,0.910235093365326,1.35356479763247,1.35356479763247,0.696486522488418,-0.524278412075948,2.71624430618975,2.45284772230579
0,2,4,9,57,0,0,2,4,57,6.3243590976865,2.73696489291295,4342542,166328,0,1.09861228866811,1.6094379124341,2.30258509299405,4.06044301054642,0,0,1.09861228866811,1.6094379124341,4.06044301054642,1.99120565587882,1.31827375600189,15.2839706791785,12.021723033622,0.693147180559945,1.38629436111989,2.19722457733622,4.04305126783455,4.04305126783455,1.8444087010505,1.00684960312679,15.2839704488986,12.0217170214232,0.326634259978281,0.787195008176644,1.39699967121997,1.39699967121997,0.61215873888998,0.00682625116907549,2.72680459611633,2.4867147659456
0,2,4,6,38,0,1,2,3,38,4.81622116366799,2.56611882177655,4342470,197754,0,1.09861228866811,1.6094379124341,1.94591014905531,3.66356164612965,0,0.693147180559945,1.09861228866811,1.38629436111989,3.66356164612965,1.76065076627369,1.27147783963079,15.2839540988943,12.1947841697603,0.693147180559945,1.38629436111989,1.79175946922806,3.63758615972639,3.63758615972639,1.57198962964064,0.94239457134759,15.2839538686107,12.1947791129854,0.326634259978281,0.583198080782659,1.29132031873981,1.29132031873981,0.452342097064544,-0.0593312265560006,2.72680351130024,2.50100791858751
0,2,3,5,34,0,1,2,4,34,4.17991380873349,2.60885038691946,4342635,215103,0,1.09861228866811,1.38629436111989,1.79175946922806,3.55534806148941,0,0.693147180559945,1.09861228866811,1.6094379124341,3.55534806148941,1.64478841689232,1.28338926925118,15.283992094972,12.2788769110848,0.693147180559945,1.09861228866811,1.6094379124341,3.52636052461616,3.52636052461616,1.43029062640385,0.958909659519681,15.2839918646971,12.27887226216,0.0940478276166991,0.475884995327111,1.26026632622924,1.26026632622924,0.357877658869781,-0.0419584113309714,2.72680599730874,2.50788008317288
0,2,3,5,32,0,0,1,3,32,3.9474666347251,1.92675242108308,4342478,158623,0,1.09861228866811,1.38629436111989,1.79175946922806,3.49650756146648,0,0,0.693147180559945,1.38629436111989,3.49650756146648,1.59887565460628,1.07389341960309,15.2839559411617,11.9742919008203,0.693147180559945,1.09861228866811,1.6094379124341,3.46573590279973,3.46573590279973,1.37307401485737,0.655835902238341,15.2839557108785,11.9742855965842,0.0940478276166991,0.475884995327111,1.24292499185244,1.24292499185244,0.317052032730824,-0.421844670357454,2.72680363183631,2.48276148361209
0,2,4,8,51,0,1,2,4,51,5.90701631748188,3.12955444143461,4342437,250345,0,1.09861228866811,1.6094379124341,2.19722457733622,3.95124371858143,0,0.693147180559945,1.09861228866811,1.6094379124341,3.95124371858143,1.9325377525598,1.41816951772323,15.2839464995055,12.4305992399991,0.693147180559945,1.38629436111989,2.07944154167984,3.93182563272433,3.93182563272433,1.77614085071876,1.14089064343984,15.2839462692201,12.4305952455195,0.326634259978281,0.732099368086445,1.36910385560587,1.36910385560587,0.574442949262416,0.131809223552149,2.72680301408647,2.52016079218935
0,2,4,7,44,0,0,2,4,44,5.64888517455612,2.61686234476114,4342421,190254,0,1.09861228866811,1.6094379124341,2.07944154167984,3.80666248977032,0,0,1.09861228866811,1.6094379124341,3.80666248977032,1.89444919769023,1.28560689439701,15.2839428149326,12.1561205565875,0.693147180559945,1.38629436111989,1.94591014905531,3.78418963391826,3.78418963391826,1.73145821145148,0.961976021767592,15.2839425846464,12.1561153004701,0.326634259978281,0.665729810578276,1.33083176460578,1.33083176460578,0.548963950264442,-0.0387657540245867,2.72680277301167,2.4978323600762
0,2,5,10,52,0,1,2,4,52,7.07593029350105,3.14425806915156,4342433,228960,0,1.09861228866811,1.79175946922806,2.39789527279837,3.97029191355212,0,0.693147180559945,1.09861228866811,1.6094379124341,3.97029191355212,2.08888806909846,1.42172377839256,15.2839455783636,12.3413069623559,0.693147180559945,1.6094379124341,2.30258509299405,3.95124371858143,3.95124371858143,1.95669892513271,1.1455779542618,15.283945348078,12.3413025947903,0.475884995327111,0.834032445247956,1.37403039481696,1.37403039481696,0.671258831475202,0.135909273203362,2.72680295381786,2.51295157164134
0,1,3,4,25,0,1,1,3,25,3.27205388894812,1.91727842971096,4342640,159439,0,0.693147180559945,1.38629436111989,1.6094379124341,3.25809653802148,0,0.693147180559945,0.693147180559945,1.38629436111989,3.25809653802148,1.45209471603248,1.07065113703699,15.2839932463457,11.9794229548867,0,1.09861228866811,1.38629436111989,3.2188758248682,3.2188758248682,1.1854178883323,0.650906695932582,15.2839930160711,11.9794166829152,0.0940478276166991,0.326634259978281,1.16903217588706,1.16903217588706,0.170095360802955,-0.42938897126577,2.72680607264076,2.48318990059328
0,1,3,5,27,0,0,1,2,27,3.61163228539432,1.50238824571366,4342518,123226,0,0.693147180559945,1.38629436111989,1.79175946922806,3.3322045101752,0,0,0.693147180559945,1.09861228866811,3.3322045101752,1.52858186926167,0.917245574152605,15.2839651524476,11.7217834619146,0,1.09861228866811,1.6094379124341,3.29583686600433,3.29583686600433,1.28415982677171,0.407056005768241,15.2839649221665,11.721775346777,0.0940478276166991,0.475884995327111,1.19266011628481,1.19266011628481,0.250104673200219,-0.898804496696247,2.72680423451309,2.46144825277734
0,2,4,7,38,0,1,2,4,38,5.08046206349008,3.07593955822151,4342493,240573,0,1.09861228866811,1.6094379124341,2.07944154167984,3.66356164612965,0,0.693147180559945,1.09861228866811,1.6094379124341,3.66356164612965,1.80508069037498,1.4051012865512,15.2839593954039,12.3907830135081,0.693147180559945,1.38629436111989,1.94591014905531,3.63758615972639,3.63758615972639,1.62540221483396,1.12361040197749,15.2839591651214,12.3907788567743,0.326634259978281,0.665729810578276,1.29132031873981,1.29132031873981,0.485755301975363,0.116547073928037,2.7268038578408,2.51695255539046
0,2,4,6,33,0,1,3,4,33,4.551763956359,3.0928060327318,4342444,251140,0,1.09861228866811,1.6094379124341,1.94591014905531,3.52636052461616,0,0.693147180559945,1.38629436111989,1.6094379124341,3.52636052461616,1.71411570723569,1.40923080638776,15.2839481115019,12.4337698133778,0.693147180559945,1.38629436111989,1.79175946922806,3.49650756146648,3.49650756146648,1.5155148405496,1.12907878004291,15.2839478812169,12.433765831543,0.326634259978281,0.583198080782659,1.25176463074102,1.25176463074102,0.415755209978231,0.121402061336216,2.72680311955639,2.52041582275545
0,2,5,10,78,0,0,2,5,78,7.75638463141542,3.42130899815911,4342466,211132,0,1.09861228866811,1.79175946922806,2.39789527279837,4.36944785246702,0,0,1.09861228866811,1.79175946922806,4.36944785246702,2.16978310644998,1.4864358056745,15.2839531777594,12.2602435456361,0.693147180559945,1.6094379124341,2.30258509299405,4.35670882668959,4.35670882668959,2.04851632761745,1.23002322584492,15.2839529474755,12.2602388092739,0.475884995327111,0.834032445247956,1.47171691604964,1.47171691604964,0.717115788496553,0.207033052006799,2.72680345103212,2.50636140905195
0,2,4,9,39,0,0,1,3,39,6.16915310306185,2.31525191105134,4342505,185607,0,1.09861228866811,1.6094379124341,2.30258509299405,3.68887945411394,0,0,0.693147180559945,1.38629436111989,3.68887945411394,1.96978753090742,1.19853361201801,15.283962158789,12.1313922018536,0.693147180559945,1.38629436111989,2.19722457733622,3.66356164612965,3.66356164612965,1.81956156805243,0.839518498486901,15.2839619285072,12.1313868141403,0.326634259978281,0.787195008176644,1.29843580158963,1.29843580158963,0.598595575393953,-0.174926767582951,2.72680403864379,2.49579604569871
0,2,4,7,36,0,0,1,3,36,5.21445255639183,2.23144819893106,4342449,177242,0,1.09861228866811,1.6094379124341,2.07944154167984,3.61091791264422,0,0,0.693147180559945,1.38629436111989,3.61091791264422,1.82687763683393,1.17293039555398,15.2839492629263,12.0852769513719,0.693147180559945,1.38629436111989,1.94591014905531,3.58351893845611,3.58351893845611,1.65143410813748,0.802650791253359,15.2839490326416,12.0852713093843,0.326634259978281,0.665729810578276,1.2763452613426,1.2763452613426,0.5016440668617,-0.219835539755968,2.72680319489194,2.4919874639973
0,2,4,8,51,0,1,2,4,51,5.78119708273954,3.08961424933668,4342546,238580,0,1.09861228866811,1.6094379124341,2.19722457733622,3.95124371858143,0,0.693147180559945,1.09861228866811,1.6094379124341,3.95124371858143,1.91415364724331,1.40845065004111,15.2839716002973,12.3824641542933,0.693147180559945,1.38629436111989,2.07944154167984,3.93182563272433,3.93182563272433,1.75461076898084,1.12804624471432,15.2839713700177,12.3824599628359,0.326634259978281,0.732099368086445,1.36910385560587,1.36910385560587,0.562247048263609,0.120487149322675,2.72680465638332,2.51628095210826
0,3,5,9,44,0,1,2,5,44,6.39427896142783,3.47115672463231,4342572,263169,0,1.38629436111989,1.79175946922806,2.30258509299405,3.80666248977032,0,0.693147180559945,1.09861228866811,1.79175946922806,3.80666248977032,2.00070658788334,1.49764715023451,15.2839775875491,12.480555490174,1.09861228866811,1.6094379124341,2.19722457733622,3.78418963391826,3.78418963391826,1.85540367831088,1.24448788844812,15.2839773572708,12.4805516903415,0.475884995327111,0.787195008176644,1.33083176460578,1.33083176460578,0.618102288724496,0.218724110715573,2.72680504811737,2.52417156792108
0,2,5,10,64,0,0,1,4,64,7.23209809505168,2.77380528821409,4342449,158377,0,1.09861228866811,1.79175946922806,2.39789527279837,4.17438726989564,0,0,0.693147180559945,1.6094379124341,4.17438726989564,2.10804091476926,1.32808385266736,15.2839492629263,11.9727398598276,0.693147180559945,1.6094379124341,2.30258509299405,4.15888308335967,4.15888308335967,1.97852918702605,1.02022012772544,15.2839490326416,11.9727335457994,0.475884995327111,0.834032445247956,1.42524654864639,1.42524654864639,0.682353733832609,0.0200184155077616,2.72680319489194,2.48263185989753
0,3,7,15,80,0,0,1,4,80,10.5450241146479,3.13132578757361,4342483,181425,0,1.38629436111989,2.07944154167984,2.77258872223978,4.39444915467244,0,0,0.693147180559945,1.6094379124341,4.39444915467244,2.4462545315568,1.41859836939933,15.2839570925771,12.1086031360507,1.09861228866811,1.94591014905531,2.70805020110221,4.38202663467388,4.38202663467388,2.35565410076055,1.14145648917446,15.2839568622941,12.1085976241463,0.665729810578276,0.996228892951395,1.47751131935514,1.47751131935514,0.856818438695214,0.132305069024664,2.72680370717123,2.49391574773348
0,3,7,15,88,0,0,0,2,88,10.5036857151052,2.26696552797347,4344044,104593,0,1.38629436111989,2.07944154167984,2.77258872223978,4.48863636973214,0,0,0,1.09861228866811,4.48863636973214,2.44266748098669,1.18386158097878,15.2843164996583,11.5578414675911,1.09861228866811,1.94591014905531,2.70805020110221,4.47733681447821,4.47733681447821,2.35172621605641,0.818442165398961,15.2843162694581,11.5578319067675,0.665729810578276,0.996228892951395,1.49902840861089,1.49902840861089,0.855149618522903,-0.200352543923435,2.72682722221655,2.44736329433659
0,3,6,11,45,0,0,2,4,45,7.58194815606628,3.10712164798709,4342801,224520,0,1.38629436111989,1.94591014905531,2.484906649788,3.8286413964891,0,0,1.09861228866811,1.6094379124341,3.8286413964891,2.14966094554273,1.41272245420635,15.2840303198721,12.3217245229924,1.09861228866811,1.79175946922806,2.39789527279837,3.80666248977032,3.80666248977032,2.02577017930583,1.13369678252089,15.284030089606,12.3217200690561,0.583198080782659,0.874591382923689,1.33675281830092,1.33675281830092,0.705949963708976,0.125483782003425,2.7268084982824,2.51136356435478
0,2,4,7,33,0,1,2,3,33,4.78267041087186,2.46894938451455,4342426,195146,0,1.09861228866811,1.6094379124341,2.07944154167984,3.52636052461616,0,0.693147180559945,1.09861228866811,1.38629436111989,3.52636052461616,1.75486558479244,1.2438517770811,15.2839439663631,12.1815083997004,0.693147180559945,1.38629436111989,1.94591014905531,3.49650756146648,3.49650756146648,1.5649990538714,0.903792709753779,15.2839437360771,12.1815032753451,0.326634259978281,0.665729810578276,1.25176463074102,1.25176463074102,0.447885219436917,-0.101155248253711,2.72680284834765,2.49991867628704
0,3,6,11,41,0,1,3,5,41,7.70807920894864,4.16068722603727,1082264,77062,0,1.38629436111989,1.94591014905531,2.484906649788,3.73766961828337,0,0.693147180559945,1.38629436111989,1.79175946922806,3.73766961828337,2.16425123944355,1.64106975396591,13.894566625222,11.2523785481257,1.09861228866811,1.79175946922806,2.39789527279837,3.71357206670431,3.71357206670431,2.0422690266992,1.42568025919604,13.8945657012335,11.2523655716456,0.583198080782659,0.874591382923689,1.3119942346184,1.3119942346184,0.714061457734181,0.354649074687894,2.63149780694734,2.42057837958132
0,3,6,13,57,0,0,2,5,57,8.94713039951328,3.57155543562936,1082147,49310,0,1.38629436111989,1.94591014905531,2.63905732961526,4.06044301054642,0,0,1.09861228866811,1.79175946922806,4.06044301054642,2.29728410751566,1.51985350490327,13.8944585127683,10.8059024588746,1.09861228866811,1.79175946922806,2.56494935746154,4.04305126783455,4.04305126783455,2.19133285512263,1.27300119715822,13.8944575886799,10.8058821792182,0.583198080782659,0.941938734748111,1.39699967121997,1.39699967121997,0.784509968345707,0.241377259997621,2.63149002599351,2.38009063208816
0,4,9,19,86,0,0,1,4,86,12.8193939625818,3.74103287599115,1082705,52274,0,1.6094379124341,2.30258509299405,2.99573227355399,4.46590811865458,0,0,0.693147180559945,1.6094379124341,4.46590811865458,2.62607296517696,1.5562550182961,13.8949740209849,10.8642735242968,1.38629436111989,2.19722457733622,2.94443897916644,4.45434729625351,4.45434729625351,2.5509591775656,1.31936174334962,13.8949730973727,10.8642543945108,0.787195008176644,1.07991829952208,1.49388053980827,1.49388053980827,0.936469436509326,0.277148091895595,2.63152712705533,2.38547798682631
0,3,7,15,76,0,0,0,3,76,10.3600116132778,2.71143185733619,1082545,30999,0,1.38629436111989,2.07944154167984,2.77258872223978,4.34380542185368,0,0,0,1.38629436111989,4.34380542185368,2.43009943558807,1.31141774753522,13.8948262321823,10.3417424834673,1.09861228866811,1.94591014905531,2.70805020110221,4.33073334028633,4.33073334028633,2.33795335780347,0.997476855998932,13.8948253084336,10.3417102248825,0.665729810578276,0.996228892951395,1.4657368903269,1.4657368903269,0.849275913237311,-0.00252633249337246,2.63151649085445,2.33618525432819
0,3,6,12,42,0,0,2,5,42,8.30083591919448,3.53994415266171,1082236,63164,0,1.38629436111989,1.94591014905531,2.56494935746154,3.76120011569356,0,0,1.09861228866811,1.79175946922806,3.76120011569356,2.23010427990426,1.51291471080176,13.8945407532201,11.0535056292641,1.09861228866811,1.79175946922806,2.484906649788,3.73766961828337,3.73766961828337,2.11635622288728,1.26411095093698,13.8945398292076,11.0534897975865,0.583198080782659,0.910235093365326,1.31846232050533,1.31846232050533,0.749695847127465,0.234369069512448,2.63149594492081,2.40274619688962
0,2,5,9,36,0,1,2,4,36,6.29621831857412,3.2350562046932,1082205,62221,0,1.09861228866811,1.79175946922806,2.30258509299405,3.61091791264422,0,0.693147180559945,1.09861228866811,1.6094379124341,3.61091791264422,1.98735617537453,1.44339659949014,13.8945121084371,11.0384639139402,0.693147180559945,1.6094379124341,2.19722457733622,3.58351893845611,3.58351893845611,1.83994918627219,1.1740463017411,13.8945111843982,11.038447842325,0.475884995327111,0.787195008176644,1.2763452613426,1.2763452613426,0.609737955083142,0.160456159930669,2.6314938833312,2.40138443697239
0,2,5,9,57,0,0,2,4,57,6.85525907860199,3.22512336666235,1082140,48383,0,1.09861228866811,1.79175946922806,2.30258509299405,4.06044301054642,0,0,1.09861228866811,1.6094379124341,4.06044301054642,2.06118325379919,1.44104845959287,13.8944520441313,10.7869244595392,0.693147180559945,1.6094379124341,2.19722457733622,4.04305126783455,4.04305126783455,1.92501610640688,1.17097120274474,13.8944511200369,10.7869037913362,0.475884995327111,0.787195008176644,1.39699967121997,1.39699967121997,0.654934334669358,0.157833492293326,2.63148956043777,2.37833278640814
0,2,4,7,35,0,1,2,4,35,5.15192557255397,2.8995514327819,1082335,54711,0,1.09861228866811,1.6094379124341,2.07944154167984,3.58351893845611,0,0.693147180559945,1.09861228866811,1.6094379124341,3.58351893845611,1.81676513404075,1.3608615292852,13.8946322262266,10.9098383427779,0.693147180559945,1.38629436111989,1.94591014905531,3.55534806148941,3.55534806148941,1.63937054237666,1.06455604667743,13.8946313022987,10.9098200650849,0.326634259978281,0.665729810578276,1.26845296605453,1.26845296605453,0.494312352536048,0.0625578546722364,2.63150252828313,2.38966330704948
0,2,4,6,27,0,1,2,4,27,4.45530163284826,2.85460301209439,1082237,58548,0,1.09861228866811,1.6094379124341,1.94591014905531,3.3322045101752,0,0.693147180559945,1.09861228866811,1.6094379124341,3.3322045101752,1.69658791250396,1.34926802171103,13.8945416772317,10.9776192894607,0.693147180559945,1.38629436111989,1.79175946922806,3.29583686600433,3.29583686600433,1.4940947652185,1.04893278338512,13.8945407532201,10.9776022096038,0.326634259978281,0.583198080782659,1.19266011628481,1.19266011628481,0.401520515233464,0.0477732505118806,2.63149601142265,2.39585703423743
0,2,3,6,29,0,1,2,3,29,4.19810150842146,2.1837449398137,1082223,44351,0,1.09861228866811,1.38629436111989,1.94591014905531,3.40119738166216,0,0.693147180559945,1.09861228866811,1.38629436111989,3.40119738166216,1.64829346438981,1.15805815793098,13.8945287409916,10.6999130825496,0.693147180559945,1.09861228866811,1.79175946922806,3.36729582998647,3.36729582998647,1.43463240129226,0.781041265263078,13.8945278169681,10.6998905353978,0.0940478276166991,0.583198080782659,1.21410999791318,1.21410999791318,0.360908650048521,-0.247127294093845,2.63149508039094,2.37023351107888
0,3,5,8,46,0,1,3,5,46,6.58874446940773,3.68350280355869,1082196,72551,0,1.38629436111989,1.79175946922806,2.19722457733622,3.85014760171006,0,0.693147180559945,1.38629436111989,1.79175946922806,3.85014760171006,2.02666615867393,1.5440462922702,13.8945037920561,11.1920588251274,1.09861228866811,1.6094379124341,2.07944154167984,3.8286413964891,3.8286413964891,1.88536280978761,1.30386414825316,13.8945028680095,11.1920450418149,0.475884995327111,0.732099368086445,1.34251001349688,1.34251001349688,0.634120274415474,0.26533227728981,2.63149328479333,2.41520326182031
0,2,4,8,69,0,1,2,4,69,5.80478663178855,2.8294120527749,1082257,51226,0,1.09861228866811,1.6094379124341,2.19722457733622,4.24849524204936,0,0.693147180559945,1.09861228866811,1.6094379124341,4.24849524204936,1.91762628098858,1.3427112803837,13.8945601572843,10.8440220157807,0.693147180559945,1.38629436111989,2.07944154167984,4.23410650459726,4.23410650459726,1.75868285853783,1.04006893486783,13.8945592332898,10.8440024946345,0.326634259978281,0.732099368086445,1.44317232700123,1.44317232700123,0.564565153046296,0.0392869944833825,2.63149734144555,2.38361216168384
0,3,5,10,53,0,1,2,5,53,7.51503170572224,3.65581238899454,1082154,65761,0,1.38629436111989,1.79175946922806,2.39789527279837,3.98898404656427,0,0.693147180559945,1.09861228866811,1.79175946922806,3.98898404656427,2.14183303762178,1.53811641515736,13.8944649813636,11.0937974428929,1.09861228866811,1.6094379124341,2.30258509299405,3.97029191355212,3.97029191355212,2.01690524218769,1.29631833635467,13.8944640572811,11.0937822364271,0.475884995327111,0.834032445247956,1.37883962185791,1.37883962185791,0.701564278288771,0.25952819767129,2.63149049154603,2.40638479249025
0,2,3,5,26,0,1,2,3,26,3.6566974595843,2.11387039781779,1082204,43300,0,1.09861228866811,1.38629436111989,1.79175946922806,3.29583686600433,0,0.693147180559945,1.09861228866811,1.38629436111989,3.29583686600433,1.53830649723122,1.13586645334782,13.8945111843982,10.6759310084121,0.693147180559945,1.09861228866811,1.6094379124341,3.25809653802148,3.25809653802148,1.29656040661848,0.748520578954616,13.8945102603584,10.6759079139906,0.0940478276166991,0.475884995327111,1.18114314080946,1.18114314080946,0.25971491698099,-0.289656581907055,2.63149381682725,2.36798960598902
0,1,3,5,27,0,0,1,2,27,3.84472975296613,1.7170188957155,1082203,34894,0,0.693147180559945,1.38629436111989,1.79175946922806,3.3322045101752,0,0,0.693147180559945,1.09861228866811,3.3322045101752,1.57789146524549,0.999535285044797,13.8945102603584,10.4600988314513,0,1.09861228866811,1.6094379124341,3.29583686600433,3.29583686600433,1.34670331517308,0.540589586930787,13.8945093363178,10.4600701736398,0.0940478276166991,0.475884995327111,1.19266011628481,1.19266011628481,0.297659617172082,-0.615094907384523,2.63149375032324,2.34756516737525
0,3,4,7,37,0,1,3,5,37,5.53170312661996,3.50791347892742,1082141,67517,0,1.38629436111989,1.6094379124341,2.07944154167984,3.63758615972639,0,0.693147180559945,1.38629436111989,1.79175946922806,3.63758615972639,1.87666772499699,1.50583440320883,13.8944529682249,11.1201495079781,1.09861228866811,1.38629436111989,1.94591014905531,3.61091791264422,3.61091791264422,1.71049574761557,1.25502141027403,13.8944520441313,11.1201346970031,0.326634259978281,0.665729810578276,1.28396200945433,1.28396200945433,0.536783239384828,0.227152632417532,2.63148962694593,2.40875740178892
0,3,4,6,27,0,2,3,5,27,4.74166775679879,3.4216862571154,1082160,68799,0,1.38629436111989,1.6094379124341,1.94591014905531,3.3322045101752,0,1.09861228866811,1.38629436111989,1.79175946922806,3.3322045101752,1.74774971809495,1.48652112946935,13.8944705258404,11.1389590239214,1.09861228866811,1.38629436111989,1.79175946922806,3.29583686600433,3.29583686600433,1.5563889212491,1.23013348719762,13.8944696017631,11.1389444889321,0.326634259978281,0.583198080782659,1.19266011628481,1.19266011628481,0.442368343912937,0.207122689672713,2.63149089058847,2.41044748036308
0,3,6,11,68,0,0,2,6,68,8.55388351118306,4.00202004147276,1082156,60538,0,1.38629436111989,1.94591014905531,2.484906649788,4.23410650459726,0,0,1.09861228866811,1.94591014905531,4.23410650459726,2.25694772221844,1.60984183913928,13.8944668295259,11.0110430644347,1.09861228866811,1.79175946922806,2.39789527279837,4.21950770517611,4.21950770517611,2.14638539165997,1.38679924401326,13.8944659054452,11.0110265460208,0.583198080782659,0.874591382923689,1.43971846370169,1.43971846370169,0.763785214133313,0.326998389698255,2.63149062456044,2.3988971839923
0,2,5,9,40,0,1,2,4,40,6.45531757102749,2.85449382446815,1082174,56633,0,1.09861228866811,1.79175946922806,2.30258509299405,3.71357206670431,0,0.693147180559945,1.09861228866811,1.6094379124341,3.71357206670431,2.00892754570345,1.34923969475431,13.8944834628336,10.944364790553,0.693147180559945,1.6094379124341,2.19722457733622,3.68887945411394,3.68887945411394,1.86490422076892,1.04889453298251,13.8944825387682,10.9443471331594,0.475884995327111,0.787195008176644,1.30532274096324,1.30532274096324,0.623209695620931,0.0477367838281741,2.63149182167828,2.39282307941585
0,2,4,7,32,0,1,2,3,32,5.3829523790806,2.59233126226654,1082212,50881,0,1.09861228866811,1.6094379124341,2.07944154167984,3.49650756146648,0,0.693147180559945,1.09861228866811,1.38629436111989,3.49650756146648,1.85363074566025,1.27880136842231,13.8945185766856,10.8372645054176,0.693147180559945,1.38629436111989,1.94591014905531,3.46573590279973,3.46573590279973,1.6832369930007,0.952557572124438,13.8945176526527,10.8372448519089,0.326634259978281,0.665729810578276,1.24292499185244,1.24292499185244,0.520718721100578,-0.0486047306326335,2.63149434885697,2.38298879875306
0,3,5,8,39,0,1,3,5,39,6.01807283216153,3.47568153970404,1082182,66564,0,1.38629436111989,1.79175946922806,2.19722457733622,3.68887945411394,0,0.693147180559945,1.38629436111989,1.79175946922806,3.68887945411394,1.94848865501563,1.49865863950565,13.8944908553259,11.105934192866,1.09861228866811,1.6094379124341,2.07944154167984,3.66356164612965,3.66356164612965,1.79476708052105,1.24579058632,13.8944899312674,11.1059191698432,0.475884995327111,0.732099368086445,1.29843580158963,1.29843580158963,0.584875253365261,0.219770337476078,2.6314923537238,2.40747822473091
